{"cameraMode":{"drawMode":0,"name":"Shaded","section":"Shading Mode"},"sceneLighting":true,"audioPlay":false,"sceneViewState":{"m_AlwaysRefresh":false,"showFog":true,"showSkybox":true,"showFlares":true,"showImageEffects":true,"showParticleSystems":true,"showVisualEffectGraphs":true,"m_FxEnabled":true},"in2DMode":false,"pivot":{"x":31.235855102539064,"y":-0.22661066055297852,"z":-4.850731372833252},"rotation":{"x":-0.03067491017282009,"y":-0.7777352333068848,"z":0.03805910795927048,"w":-0.6267421841621399},"size":14.891222953796387,"orthographic":false}