{"cameraMode":{"drawMode":0,"name":"Shaded","section":"Shading Mode"},"sceneLighting":false,"audioPlay":false,"sceneViewState":{"m_AlwaysRefresh":false,"showFog":true,"showSkybox":false,"showFlares":true,"showImageEffects":true,"showParticleSystems":true,"showVisualEffectGraphs":true,"m_FxEnabled":true},"in2DMode":false,"pivot":{"x":-6.71999979019165,"y":1.7200000286102296,"z":-10.729207038879395},"rotation":{"x":-0.030039772391319276,"y":0.9672173261642456,"z":-0.13728775084018708,"w":-0.21161127090454102},"size":1.7320537567138672,"orthographic":false}