{"cameraMode":{"drawMode":0,"name":"Shaded","section":"Shading Mode"},"sceneLighting":false,"audioPlay":false,"sceneViewState":{"m_AlwaysRefresh":false,"showFog":true,"showSkybox":false,"showFlares":true,"showImageEffects":true,"showParticleSystems":true,"showVisualEffectGraphs":true,"m_FxEnabled":true},"in2DMode":false,"pivot":{"x":-0.19000005722045899,"y":2.507546901702881,"z":-12.323783874511719},"rotation":{"x":-0.0174883920699358,"y":0.9822316765785217,"z":-0.14393119513988496,"w":-0.11932358890771866},"size":2.6033577919006349,"orthographic":false}